k-value,train-accuracy,test-accuracy
1,1.0,0.9475867606387725
3,0.9693151837265324,0.9439735926487643
5,0.9610560929912438,0.943081452404318
7,0.9565441823117806,0.9407618877687572
9,0.9535999694107751,0.9396913194754215
11,0.9518028524452262,0.9388437862431974
13,0.9494321875119489,0.9376393969131948
15,0.9481130271861736,0.9369702917298599
17,0.9464879746109433,0.9360335444731912
