sigma-value,train-accuracy,test-accuracy
0.1,1.0,0.8977607279864395
0.5,0.9999617634688182,0.9476313676509948
1.0,0.9963484112721294,0.945445624052101
1.5,0.9763507054640003,0.9337139798376305
2.0,0.9417466447443887,0.9159603889731466
3.0,0.9009291477077199,0.8936568828619859
4.0,0.8902420372423814,0.8842001962708538
6.0,0.8843153749091882,0.8761709340708359
8.0,0.8823270752877299,0.8736283343741637
10.0,0.8811035062899094,0.8726915871174948
